Participant,Sequence,Session,Run,Block,Sentence,SpContent,Keyword1,Keyword2,Keyword3,Keyword4,AudDur,AudFile,Orientation,TargetPresence,GaborLoc,TD
RU221003,1,pretrain,1,3,aslg0415,The lady changed her mind,lady,changed,mind,NA,1898.666667,aslg0415_4ch.wav,NaN,NaN,NaN,NaN
RU221003,2,pretrain,1,3,bkbg1913,They’re staying for supper,Theyre,staying,supper,NA,1248,bkbg1913_4ch.wav,NaN,NaN,NaN,NaN
RU221003,3,pretrain,1,3,bkbg0101,The clown had a funny face,clown,funny,face,NA,1920,bkbg0101_4ch.wav,NaN,NaN,NaN,NaN
RU221003,4,pretrain,1,3,aslg0411,The waiter lit the candles,waiter,lit,candles,NA,1749.333333,aslg0411_4ch.wav,NaN,NaN,NaN,NaN
RU221003,5,pretrain,1,3,bkbg0906,A letter fell on the mat,letter,fell,mat,NA,1685.333333,bkbg0906_4ch.wav,NaN,NaN,NaN,NaN
RU221003,6,pretrain,1,3,bkbg1113,The two farmers are talking,two,farmers,talking,NA,1546.666667,bkbg1113_4ch.wav,NaN,NaN,NaN,NaN
RU221003,7,pretrain,1,1,bkbg1004,The good boy's helping,good,boys,helping,NA,1322.666667,bkbg1004_8ch.wav,NaN,NaN,NaN,NaN
RU221003,8,pretrain,1,1,aslg0613,The bird's building a nest,birds,building,nest,NA,1706.291667,aslg0613_8ch.wav,NaN,NaN,NaN,NaN
RU221003,9,pretrain,1,1,aslg1513,They watched the sunset,They,watched,sunset,NA,1248,aslg1513_8ch.wav,NaN,NaN,NaN,NaN
RU221003,10,pretrain,1,1,bkbg0801,The boy forgot his book,boy,forgot,book,NA,1568,bkbg0801_8ch.wav,NaN,NaN,NaN,NaN
RU221003,11,pretrain,1,1,aslg1309,She tore her dress,She,tore,dress,NA,1365.333333,aslg1309_8ch.wav,NaN,NaN,NaN,NaN
RU221003,12,pretrain,1,1,bkbg0711,A ball's bouncing along,balls,bouncing,along,NA,1738.666667,bkbg0711_8ch.wav,NaN,NaN,NaN,NaN
RU221003,13,pretrain,2,2,bkbg1711,She’s calling her daughter,Shes,calling,daughter,NA,1344,bkbg1711_8ch.wav,0.494538009294801,0,2.54408997980799,-0.290860154102648
RU221003,14,pretrain,2,2,aslg1301,The story's very exciting,storys,very,exciting,NA,1888,aslg1301_8ch.wav,0.785398163397448,1,0.906034987596523,0
RU221003,15,pretrain,2,2,bkbg2115,The man’s painting a sign,mans,painting,sign,NA,1653.333333,bkbg2115_8ch.wav,0.785398163397448,1,-1.91913298841567,0
RU221003,16,pretrain,2,2,bkbg0209,She’s taking her coat,Shes,taking,coat,NA,1514.666667,bkbg0209_8ch.wav,0.912825382446325,0,-0.719633869543535,0.127427219048877
RU221003,17,pretrain,2,1,aslg0714,The boy eats with his fork,boy,eats,fork,NA,1717.333333,aslg0714_8ch.wav,-0.120966574953748,0,-1.10612616500584,-0.906364738351196
RU221003,18,pretrain,2,1,bkbg2114,The kettle boiled quickly,kettle,boiled,quickly,NA,1568,bkbg2114_8ch.wav,0.785398163397448,1,1.29392936332647,0
RU221003,19,pretrain,2,1,bkbg0307,The children are walking home,children,walking,home,NA,1632,bkbg0307_8ch.wav,1.79547067104691,0,-2.02850293441748,1.01007250764946
RU221003,20,pretrain,2,1,aslg1215,They're going to the seaside,Theyre,going,seaside,NA,1525.333333,aslg1215_8ch.wav,0.785398163397448,1,-1.94914513777802,0
RU221003,21,pretrain,2,3,bkbg1513,They walked across the grass,They,walked,across,grass,1653.333333,bkbg1513_4ch.wav,-0.0758545727956499,0,-1.30390811735102,-0.861252736193098
RU221003,22,pretrain,2,3,bkbg0601,The paint dripped on the ground,paint,dripped,ground,NA,1770.666667,bkbg0601_4ch.wav,0.785398163397448,1,-2.38313925464318,0
RU221003,23,pretrain,2,3,bkbg1811,A boy broke the fence,boy,broke,fence,NA,1589.333333,bkbg1811_4ch.wav,0.785398163397448,1,2.6104009273025,0
RU221003,24,pretrain,2,3,aslg1013,The red apples were in a bowl,red,apples,bowl,NA,1747.395833,aslg1013_4ch.wav,1.81855195722482,0,-1.99756864607755,1.03315379382737
RU221003,25,pretrain,2,4,aslg0815,The two ladies were watching,two,ladies,watching,NA,1760,aslg0815_4ch.wav,0.785398163397448,1,-2.36990693917895,0
RU221003,26,pretrain,2,4,bkbg0712,The father forgot the bread,father,forgot,bread,NA,1610.666667,bkbg0712_4ch.wav,0.785398163397448,1,1.52129205775346,0
RU221003,27,pretrain,2,4,bkbg1014,The ground was too hard,ground,too,hard,NA,1418.666667,bkbg1014_4ch.wav,0.47807325485056,0,3.06507178316329,-0.307324908546889
RU221003,28,pretrain,2,4,aslg0310,She took her purse,She,took,purse,NA,1728,aslg0310_4ch.wav,0.99354771557707,0,2.18613274323875,0.208149552179622
RU221003,29,main,3,2,bkbg1915,The cup stood on a saucer,cup,stood,saucer,NA,1653.333333,bkbg1915_8ch.wav,0.577399958997046,0,1.78361665153013,-0.207998204400403
RU221003,30,main,3,2,bkbg1108,The little girl was happy,little,girl,happy,NA,1386.666667,bkbg1108_8ch.wav,0.785398163397448,1,-0.634044390124592,0
RU221003,31,main,3,2,bkbg1212,The children help the milkman,children,help,milkman,NA,1621.333333,bkbg1212_8ch.wav,0.785398163397448,1,-0.564472747014997,0
RU221003,32,main,3,2,bkbg1905,They’re clearing the table,Theyre,clearing,table,NA,1322.666667,bkbg1905_8ch.wav,1.03539671183046,0,-1.16629152448889,0.249998548433008
RU221003,33,main,3,4,aslg1304,Mother served the soup,Mother,served,soup,NA,1589.333333,aslg1304_4ch.wav,0.59036431581325,0,-1.80461226477641,-0.195033847584198
RU221003,34,main,3,4,bkbg2009,Mother made some curtains,Mother,made,curtains,NA,1642.666667,bkbg2009_4ch.wav,0.785398163397448,1,1.98051951407764,0
RU221003,35,main,3,4,aslg0904,They're cutting the grass,Theyre,cutting,grass,NA,1642.666667,aslg0904_4ch.wav,0.473298365304636,0,-2.60183510157768,-0.312099798092813
RU221003,36,main,3,4,aslg0315,The lady hurt her arm,lady,hurt,arm,NA,1609.291667,aslg0315_4ch.wav,0.785398163397448,1,-3.12429125381652,0
RU221003,37,main,3,1,aslg1702,Mother cooked the dinner,Mother,cooked,dinner,NA,1141.333333,aslg1702_8ch.wav,-0.0580390564728755,0,2.45690908809395,-0.843437219870324
RU221003,38,main,3,1,bkbg0507,She used her spoon,She,used,spoon,NA,1493.333333,bkbg0507_8ch.wav,-0.171587067626442,0,-0.312563172859557,-0.95698523102389
RU221003,39,main,3,1,bkbg1807,She talked to her doll,She,talked,doll,NA,1376,bkbg1807_8ch.wav,0.785398163397448,1,2.22995485983008,0
RU221003,40,main,3,1,bkbg1801,The cake shop's opening,cake,shops,opening,NA,1376,bkbg1801_8ch.wav,0.785398163397448,1,1.23515929586854,0
RU221003,41,main,3,3,bkbg0915,The child drank some milk,child,drank,milk,NA,1642.666667,bkbg0915_4ch.wav,-0.171037956115837,0,1.47652629462728,-0.956436119513285
RU221003,42,main,3,3,bkbg1001,A tea towel’s by the sink,tea,towels,sink,NA,1568,bkbg1001_4ch.wav,0.785398163397448,1,-0.248001604368014,0
RU221003,43,main,3,3,aslg0603,The lady was quite cross,lady,quite,cross,NA,1728,aslg0603_4ch.wav,1.67222726265445,0,2.26246590573836,0.886829099257006
RU221003,44,main,3,3,aslg0412,The baker iced the cake,baker,iced,cake,NA,1568,aslg0412_4ch.wav,0.785398163397448,1,1.65353078790509,0
RU221003,45,main,4,1,aslg1209,The red ball's bouncing,red,balls,bouncing,NA,1578.666667,aslg1209_8ch.wav,0.785398163397448,1,0.90138580605274,0
RU221003,46,main,4,1,aslg0706,The woman listened to her iend,woman,listened,iend,NA,1876.375,aslg0706_8ch.wav,1.83025724027253,0,2.97937614712227,1.04485907687508
RU221003,47,main,4,1,aslg0407,They're heading for the park,Theyre,heading,park,NA,1568,aslg0407_8ch.wav,-0.212362121513455,0,0.148174040718519,-0.997760284910903
RU221003,48,main,4,1,bkbg1301,The fruit came in a box,fruit,came,box,NA,1514.666667,bkbg1301_8ch.wav,0.785398163397448,1,-0.161377931756963,0
RU221003,49,main,4,1,bkbg0203,The ball went into the goal,ball,went,into,goal,1749.333333,bkbg0203_8ch.wav,0.785398163397448,1,2.75241604789534,0
RU221003,50,main,4,1,bkbg2103,A girl came into the room,girl,came,room,NA,1696,bkbg2103_8ch.wav,-0.177611954945273,0,2.29728252111483,-0.963010118342721
RU221003,51,main,4,2,aslg0305,The knife cut the cake,knife,cut,cake,NA,1526.791667,aslg0305_8ch.wav,0.785398163397448,1,-0.85906548099339,0
RU221003,52,main,4,2,aslg0510,The ship sailed up the river,ship,sailed,river,NA,1706.666667,aslg0510_8ch.wav,0.785398163397448,1,-1.05466150584885,0
RU221003,53,main,4,2,aslg1114,The three iends are cycling,three,iends,cycling,NA,1736.5,aslg1114_8ch.wav,0.984861019545947,0,-1.36718103812504,0.199462856148499
RU221003,54,main,4,2,aslg1311,The lady writes to her sister,lady,writes,sister,NA,1717.333333,aslg1311_8ch.wav,0.785398163397448,1,0.797671293601067,0
RU221003,55,main,4,2,aslg0103,He hit his head,He,hit,head,NA,1098.666667,aslg0103_8ch.wav,0.589741772921769,0,-0.248829644848128,-0.195656390475679
RU221003,56,main,4,2,bkbg0904,She stood near her window,She,stood,window,NA,1653.333333,bkbg0904_8ch.wav,0.484625375440131,0,-0.588687279369971,-0.300772787957317
RU221003,57,main,4,4,bkbg1912,The boy slipped on the stairs,boy,slipped,on,stairs,1877.333333,bkbg1912_4ch.wav,0.785398163397448,1,3.06061906800877,0
RU221003,58,main,4,4,bkbg0113,A cat sits on the bed,cat,sits,on,bed,1642.666667,bkbg0113_4ch.wav,0.785398163397448,1,1.76647765491073,0
RU221003,59,main,4,4,aslg1709,The milk was very cold,milk,very,cold,NA,1536,aslg1709_4ch.wav,0.944098465069843,0,-1.70359216355795,0.158700301672395
RU221003,60,main,4,4,aslg0801,The girl sharpened her pencil,girl,sharpened,pencil,NA,1766.354167,aslg0801_4ch.wav,0.785398163397448,1,-0.570734356807607,0
RU221003,61,main,4,4,bkbg1110,They’re coming for Christmas,Theyre,coming,Christmas,NA,1312,bkbg1110_4ch.wav,0.785398163397448,1,-0.918830679789456,0
RU221003,62,main,4,4,aslg0610,They locked the safe,They,locked,safe,NA,1482.666667,aslg0610_4ch.wav,1.08719204632923,0,-0.655340115606232,0.301793882931777
RU221003,63,main,4,2,bkbg1814,The snow lay on the roof,snow,lay,roof,NA,1696,bkbg1814_8ch.wav,0.785398163397448,1,1.62981874671186,0
RU221003,64,main,4,2,bkbg0414,The cooks making a cake,cooks,making,cake,NA,1642.666667,bkbg0414_8ch.wav,0.785398163397448,1,1.44289926612426,0
RU221003,65,main,4,2,bkbg0510,The dog made an angry noise,dog,made,angry,noise,1971.229167,bkbg0510_8ch.wav,0.994627175008581,0,-2.81634102411321,0.209229011611132
RU221003,66,main,4,2,bkbg1505,The driver starts the engine,driver,starts,engine,NA,1813.333333,bkbg1505_8ch.wav,0.785398163397448,1,0.807967730208353,0
RU221003,67,main,4,2,bkbg1516,The puppy plays with a ball,puppy,plays,ball,NA,1578.666667,bkbg1516_8ch.wav,0.493463472524752,0,2.6037641435123,-0.291934690872697
RU221003,68,main,4,2,bkbg0215,They’re watching the train,Theyre,watching,train,NA,1344,bkbg0215_8ch.wav,0.785398163397448,1,-0.591691486242713,0
RU221003,69,main,4,3,aslg0409,They're standing up,Theyre,standing,up,NA,1301.333333,aslg0409_4ch.wav,-0.147674511987616,0,2.81357041635122,-0.933072675385065
RU221003,70,main,4,3,bkbg1307,He’s cleaning his car,Hes,cleaning,car,NA,1269.333333,bkbg1307_4ch.wav,0.785398163397448,1,-1.52883643779632,0
RU221003,71,main,4,3,bkbg0716,The new road’s on the map,new,roads,map,NA,1568,bkbg0716_4ch.wav,1.66889859718166,0,-1.62759716824219,0.883500433784208
RU221003,72,main,4,3,aslg0502,He broke into the safe,He,broke,safe,NA,1749.333333,aslg0502_4ch.wav,-0.157106890180003,0,-0.322854951917901,-0.942505053577452
RU221003,73,main,4,3,aslg0311,The team lost the match,team,lost,match,NA,1536,aslg0311_4ch.wav,0.785398163397448,1,1.05478269361533,0
RU221003,74,main,4,3,aslg0301,The lunch was very early,lunch,very,early,NA,1930.666667,aslg0301_4ch.wav,-0.17724610560616,0,-1.91398810642598,-0.962644269003609
RU221003,75,main,4,1,aslg0612,The men watched the race,men,watched,race,NA,1575.541667,aslg0612_8ch.wav,-0.122209495926404,0,0.0262138528344582,-0.907607659323852
RU221003,76,main,4,1,aslg1408,The rose bush was blooming,rose,bush,blooming,NA,1525.333333,aslg1408_8ch.wav,0.785398163397448,1,-1.29908670372315,0
RU221003,77,main,4,1,bkbg1009,The postman brings a letter,postman,brings,letter,NA,1482.666667,bkbg1009_8ch.wav,-0.222684602012633,0,0.520489235567262,-1.00808276541008
RU221003,78,main,4,1,aslg0702,She tapped at the window,She,tapped,window,NA,1578.666667,aslg0702_8ch.wav,0.785398163397448,1,-1.58213815583888,0
RU221003,79,main,4,1,bkbg0809,The pond water's dirty,pond,waters,dirty,NA,1557.333333,bkbg0809_8ch.wav,1.73922266369689,0,-2.92414447730947,0.95382450029944
RU221003,80,main,4,1,aslg0601,The girl knew the story,girl,knew,story,NA,1525.333333,aslg0601_8ch.wav,0.785398163397448,1,1.67139301706565,0
RU221003,81,main,4,4,aslg1004,They're stealing the apples,Theyre,stealing,apples,NA,1674.666667,aslg1004_4ch.wav,0.890141871822425,0,-1.82423656276667,0.104743708424977
RU221003,82,main,4,4,bkbg0901,The book tells a story,book,tells,story,NA,1525.333333,bkbg0901_4ch.wav,0.785398163397448,1,2.99063256826268,0
RU221003,83,main,4,4,aslg1313,The farmer's buying some pigs,farmers,buying,pigs,NA,1728.895833,aslg1313_4ch.wav,1.013980541056,0,1.15507201354836,0.228582377658555
RU221003,84,main,4,4,aslg0803,The puppy licked his master,puppy,licked,master,NA,1653.333333,aslg0803_4ch.wav,0.785398163397448,1,-2.32935422942496,0
RU221003,85,main,4,4,aslg0112,The old shoes were muddy,old,shoes,muddy,NA,1472,aslg0112_4ch.wav,0.785398163397448,1,2.70825381412727,0
RU221003,86,main,4,4,bkbg1210,The football game's over,football,games,over,NA,1376,bkbg1210_4ch.wav,0.926710092871464,0,-0.906199970573016,0.141311929474016
RU221003,87,main,4,3,aslg1213,The new teacher's nice,new,teachers,nice,NA,1632.979167,aslg1213_4ch.wav,1.64659110847186,0,3.07352312129414,0.861192945074415
RU221003,88,main,4,3,aslg0206,The boy hit his thumb,boy,hit,thumb,NA,1472,aslg0206_4ch.wav,0.785398163397448,1,1.06781325224114,0
RU221003,89,main,4,3,bkbg2107,She made her bed,She,made,bed,NA,1237.333333,bkbg2107_4ch.wav,-0.148060723016577,0,-0.306355307143713,-0.933458886414025
RU221003,90,main,4,3,aslg1713,The boy grazed his knee,boy,grazed,knee,NA,1482.666667,aslg1713_4ch.wav,-0.0693898824609006,0,-0.770596963383581,-0.854788045858349
RU221003,91,main,4,3,bkbg1615,The silly boy's hiding,silly,boys,hiding,NA,1536,bkbg1615_4ch.wav,0.785398163397448,1,1.73868062419687,0
RU221003,92,main,4,3,aslg1813,She ironed her skirt,She,ironed,skirt,NA,1653.333333,aslg1813_4ch.wav,-0.205196990520645,0,-2.84829295511689,-0.990595153918093
RU221003,93,main,5,4,bkbg2102,The dog drank from a bowl,dog,drank,bowl,NA,1749.333333,bkbg2102_4ch.wav,0.785398163397448,1,-1.8607401971643,0
RU221003,94,main,5,4,aslg0505,The little boy was tired,little,boy,tired,NA,1578.666667,aslg0505_4ch.wav,0.785398163397448,1,1.24373799301026,0
RU221003,95,main,5,4,aslg1005,The children dried the dishes,children,dried,dishes,NA,1742.8125,aslg1005_4ch.wav,0.499625301836372,0,0.619571242564019,-0.285772861561076
RU221003,96,main,5,4,bkbg0201,The ladder's near the door,ladders,near,door,NA,1525.333333,bkbg0201_4ch.wav,0.785398163397448,1,-0.852688014614807,0
RU221003,97,main,5,4,aslg1308,He turned on the taps,He,turned,taps,NA,1312,aslg1308_4ch.wav,1.07948314596757,0,0.345307360885585,0.294084982570118
RU221003,98,main,5,4,aslg0313,They picked some raspberries,They,picked,raspberries,NA,1866.666667,aslg0313_4ch.wav,0.785398163397448,1,-0.915429942641967,0
RU221003,99,main,5,1,bkbg1914,The girl held a mirror,girl,held,mirror,NA,1354.666667,bkbg1914_8ch.wav,-0.125197462467239,0,-1.53636641083039,-0.910595625864687
RU221003,100,main,5,1,bkbg0415,The child grabs the toy,child,grabs,toy,NA,1856,bkbg0415_8ch.wav,0.785398163397448,1,0.133306460957986,0
RU221003,101,main,5,1,bkbg2002,They’re going out,Theyre,going,out,NA,1034.666667,bkbg2002_8ch.wav,0.785398163397448,1,-1.09514243846622,0
RU221003,102,main,5,1,bkbg1806,Rain falls from clouds,Rain,falls,clouds,NA,1824,bkbg1806_8ch.wav,1.77002475725918,0,-2.63958307666802,0.984626593861736
RU221003,103,main,5,1,bkbg1706,People are going home,People,going,home,NA,1376,bkbg1706_8ch.wav,1.78668242227827,0,-3.05215355365399,1.00128425888082
RU221003,104,main,5,1,aslg0814,The boiled egg was soft,boiled,egg,soft,NA,1685.333333,aslg0814_8ch.wav,0.785398163397448,1,-2.09991095689072,0
RU221003,105,main,5,2,bkbg2010,The oven's too hot,ovens,too,hot,NA,1376,bkbg2010_8ch.wav,0.628021146471831,0,0.715977439781143,-0.157377016925618
RU221003,106,main,5,2,aslg1212,The children carried the suitcase,children,carried,suitcase,NA,1939.3125,aslg1212_8ch.wav,0.785398163397448,1,-1.38373712452872,0
RU221003,107,main,5,2,bkbg1011,He broke his leg,He,broke,leg,NA,981.3333333,bkbg1011_8ch.wav,0.509585301598839,0,0.25922555662092,-0.27581286179861
RU221003,108,main,5,2,bkbg1916,The cows went to market,cows,went,market,NA,1674.666667,bkbg1916_8ch.wav,0.785398163397448,1,1.34579765128687,0
RU221003,109,main,5,2,bkbg0410,Some animals sleep on straw,animals,sleep,on,straw,1962.666667,bkbg0410_8ch.wav,0.585534750821723,0,2.96704390161023,-0.199863412575725
RU221003,110,main,5,2,bkbg0304,The farmer keeps a bull,farmer,keeps,bull,NA,1546.666667,bkbg0304_8ch.wav,0.785398163397448,1,2.30588213049952,0
RU221003,111,main,5,3,aslg1404,They called the police,They,called,police,NA,1248,aslg1404_4ch.wav,0.785398163397448,1,0.876773125603316,0
RU221003,112,main,5,3,aslg0513,They bought some tickets,They,bought,tickets,NA,1472,aslg0513_4ch.wav,1.70278977666504,0,-0.466811267870985,0.917391613267588
RU221003,113,main,5,3,aslg1203,The girl broke a vase,girl,broke,vase,NA,1525.333333,aslg1203_4ch.wav,0.785398163397448,1,0.946183547009055,0
RU221003,114,main,5,3,bkbg1509,They met some friends,They,met,some,friends,1354.666667,bkbg1509_4ch.wav,1.66118036874275,0,-2.10140402557723,0.875782205345307
RU221003,115,main,5,3,aslg1610,The old man was poor,old,man,poor,NA,1322.666667,aslg1610_4ch.wav,-0.0775452861879367,0,0.355471557004875,-0.862943449585385
RU221003,116,main,5,3,aslg1010,He's wearing a tie,Hes,wearing,tie,NA,1578.166667,aslg1010_4ch.wav,0.785398163397448,1,-0.946420341080899,0
RU221003,117,main,5,2,aslg1413,The jam sticks to the plate,jam,sticks,plate,NA,1600,aslg1413_8ch.wav,0.549252832524018,0,-2.18513626972713,-0.23614533087343
RU221003,118,main,5,2,bkbg1816,The cup hangs on a hook,cup,hangs,hook,NA,1589.333333,bkbg1816_8ch.wav,0.785398163397448,1,0.931507324328217,0
RU221003,119,main,5,2,aslg0909,She's sewing on a button,Shes,sewing,button,NA,1461.333333,aslg0909_8ch.wav,1.07593025170928,0,2.71740853651318,0.290532088311836
RU221003,120,main,5,2,bkbg1514,The mother tied the string,mother,tied,string,NA,1493.333333,bkbg1514_8ch.wav,1.08980297996116,0,1.02688370113883,0.304404816563715
RU221003,121,main,5,2,aslg1509,The lion escaped from the zoo,lion,escaped,zoo,NA,1792,aslg1509_8ch.wav,0.785398163397448,1,-1.27745506430363,0
RU221003,122,main,5,2,aslg1715,They helped with the dishes,They,helped,dishes,NA,1461.333333,aslg1715_8ch.wav,0.472853293653558,0,2.01704273707336,-0.31254486974389
RU221003,123,main,5,4,bkbg1213,The picture came from a book,picture,came,book,NA,1536,bkbg1213_4ch.wav,0.785398163397448,1,1.75664565549246,0
RU221003,124,main,5,4,aslg0914,The book sits on the shelf,book,sits,shelf,NA,1493.333333,aslg0914_4ch.wav,0.554382376648539,0,0.898675982433774,-0.23101578674891
RU221003,125,main,5,4,bkbg0708,The young people are dancing,young,people,dancing,NA,1621.333333,bkbg0708_4ch.wav,0.621218321789666,0,-2.62277613998041,-0.164179841607782
RU221003,126,main,5,4,bkbg1413,The postman comes early,postman,comes,early,NA,1568,bkbg1413_4ch.wav,0.785398163397448,1,1.27651106388314,0
RU221003,127,main,5,4,bkbg0504,The train had a bad crash,train,bad,crash,NA,1962.666667,bkbg0504_4ch.wav,0.502526913062759,0,-2.14387056800834,-0.28287125033469
RU221003,128,main,5,4,bkbg1114,Mother picked some flowers,Mother,picked,flowers,NA,1493.333333,bkbg1114_4ch.wav,0.785398163397448,1,0.526870484407815,0
RU221003,129,main,5,3,bkbg0513,The light went out,light,went,out,NA,1546.666667,bkbg0513_4ch.wav,1.66719480447289,0,-1.80517010946932,0.881796641075445
RU221003,130,main,5,3,bkbg2008,They sat on a wooden bench,They,sat,wooden,bench,1738.666667,bkbg2008_4ch.wav,0.785398163397448,1,-1.31567098623587,0
RU221003,131,main,5,3,aslg0211,The yacht sailed past,yacht,sailed,past,NA,1546.666667,aslg0211_4ch.wav,1.80063007064269,0,-2.54847360669653,1.01523190724524
RU221003,132,main,5,3,aslg0201,He tore his shirt,He,tore,shirt,NA,1205.333333,aslg0201_4ch.wav,-0.0658982018573819,0,1.58417215521518,-0.85129636525483
RU221003,133,main,5,3,aslg1012,The water poured from a jug,water,poured,jug,NA,1781.333333,aslg1012_4ch.wav,0.785398163397448,1,0.600961611581735,0
RU221003,134,main,5,3,bkbg1407,They broke all the eggs,They,broke,all,eggs,1376,bkbg1407_4ch.wav,0.785398163397448,1,2.54151797090144,0
RU221003,135,main,5,1,bkbg1809,The towel dropped on the floor,towel,dropped,floor,NA,1600,bkbg1809_8ch.wav,1.63056260884033,0,-1.98027774961973,0.845164445442885
RU221003,136,main,5,1,aslg1205,The girl's playing tennis,girls,playing,tennis,NA,1623.8125,aslg1205_8ch.wav,0.785398163397448,1,0.00117345713009387,0
RU221003,137,main,5,1,aslg0707,The driver hooted his horn,driver,hooted,horn,NA,1813.333333,aslg0707_8ch.wav,1.78955623788188,0,1.52352953086758,1.00415807448443
RU221003,138,main,5,1,bkbg0615,The broom stood in the corner,broom,stood,corner,NA,1610.666667,bkbg0615_8ch.wav,0.785398163397448,1,-0.909901793895347,0
RU221003,139,main,5,1,bkbg1810,The dog's eating some meat,dogs,eating,meat,NA,1546.666667,bkbg1810_8ch.wav,0.785398163397448,1,2.15259324981529,0
RU221003,140,main,5,1,bkbg1904,The washing machine broke,washing,machine,broke,NA,1557.333333,bkbg1904_8ch.wav,1.6284364737832,0,0.471415799374158,0.843038310385753
RU221003,141,main,6,3,aslg1515,The girl told her mother,girl,told,mother,NA,1269.333333,aslg1515_4ch.wav,-0.230481467399674,0,-0.0615140694582471,-1.01587963079712
RU221003,142,main,6,3,bkbg1104,The lady stayed for tea,lady,stayed,tea,NA,1504,bkbg1104_4ch.wav,0.785398163397448,1,0.883303338559434,0
RU221003,143,main,6,3,aslg1805,The little girl was staring,little,girl,staring,NA,1770.666667,aslg1805_4ch.wav,0.785398163397448,1,-2.98165548634266,0
RU221003,144,main,6,3,aslg1112,The clothes are covered in mud,clothes,covered,mud,NA,1742.583333,aslg1112_4ch.wav,-0.257688238478376,0,2.9249670444893,-1.04308640187582
RU221003,145,main,6,3,bkbg0907,The five men are working,five,men,working,NA,1493.333333,bkbg0907_4ch.wav,0.785398163397448,1,1.62424720939233,0
RU221003,146,main,6,3,aslg0104,The yellow leaves are falling,yellow,leaves,falling,NA,1760,aslg0104_4ch.wav,-0.151489598853682,0,-2.76906103326054,-0.93688776225113
RU221003,147,main,6,4,aslg0410,Someone's hiding in the bushes,Someones,hiding,bushes,NA,1898.666667,aslg0410_4ch.wav,0.785398163397448,1,-0.0501130285631922,0
RU221003,148,main,6,4,aslg0514,The man goes to the bank,man,goes,bank,NA,1749.333333,aslg0514_4ch.wav,0.483004867695221,0,-1.13669148755946,-0.302393295702227
RU221003,149,main,6,4,bkbg2016,The flower stands in a pot,flower,stands,pot,NA,1728,bkbg2016_4ch.wav,1.01392377465065,0,2.41334189480931,0.228525611253207
RU221003,150,main,6,4,bkbg1111,The cow gave some milk,cow,gave,milk,NA,1418.666667,bkbg1111_4ch.wav,0.785398163397448,1,0.215128352449691,0
RU221003,151,main,6,4,aslg1801,They watched the cricket,They,watched,cricket,NA,1120,aslg1801_4ch.wav,0.990175603898008,0,-1.49790893213103,0.20477744050056
RU221003,152,main,6,4,bkbg0803,The match boxes are empty,match,boxes,empty,NA,1504,bkbg0803_4ch.wav,0.62720669575721,0,-1.50898239035763,-0.158191467640239
RU221003,153,main,6,1,aslg0704,He slid on the floor,He,slid,floor,NA,1472,aslg0704_8ch.wav,0.785398163397448,1,-1.55363939316897,0
RU221003,154,main,6,1,bkbg0909,The shoes were very dirty,shoes,very,dirty,NA,1802.666667,bkbg0909_8ch.wav,0.785398163397448,1,2.40839389110231,0
RU221003,155,main,6,1,aslg1101,The lady cut her finger,lady,cut,finger,NA,1504,aslg1101_8ch.wav,1.71623983238893,0,2.75516637719468,0.930841668991485
RU221003,156,main,6,1,bkbg1313,The children are all eating,children,all,eating,NA,1536,bkbg1313_8ch.wav,0.785398163397448,1,0.19264791117351,0
RU221003,157,main,6,1,aslg1711,He remembered the way,He,remembered,way,NA,1280,aslg1711_8ch.wav,-0.132338689924007,0,-1.64256137148237,-0.917736853321455
RU221003,158,main,6,1,aslg1410,The sun came out,sun,came,out,NA,1184,aslg1410_8ch.wav,-0.169855419985445,0,-0.130881627308494,-0.955253583382893
RU221003,159,main,6,2,aslg0902,They parked by the station,They,parked,station,NA,1781.333333,aslg0902_8ch.wav,0.785398163397448,1,0.121754443995655,0
RU221003,160,main,6,2,aslg0806,The train arrived on time,train,arrived,time,NA,1941.333333,aslg0806_8ch.wav,0.785398163397448,1,-1.25762084175157,0
RU221003,161,main,6,2,aslg0906,The man shaved with a razor,man,shaved,razor,NA,1834.666667,aslg0906_8ch.wav,0.980263769101656,0,2.95669777631901,0.194865605704208
RU221003,162,main,6,2,bkbg0710,They had two empty bottles,They,two,empty,bottles,1824,bkbg0710_8ch.wav,0.785398163397448,1,0.131932893105012,0
RU221003,163,main,6,2,bkbg0212,The lady’s making a toy,ladys,making,toy,NA,1685.333333,bkbg0212_8ch.wav,0.475090284792115,0,-0.411730745776091,-0.310307878605333
RU221003,164,main,6,2,bkbg2005,The teacloth's quite wet,teacloths,quite,wet,NA,1578.666667,bkbg2005_8ch.wav,0.785398163397448,1,-1.34640844353984,0
RU221003,165,main,6,4,aslg1207,The noise scared the sheep,noise,scared,sheep,NA,1845.145833,aslg1207_4ch.wav,0.785398163397448,1,-0.869459726463051,0
RU221003,166,main,6,4,bkbg0806,The jug stood on the shelf,jug,stood,shelf,NA,1717.333333,bkbg0806_4ch.wav,0.477158649177548,0,-2.89491105773657,-0.3082395142199
RU221003,167,main,6,4,aslg0408,The gardener trimmed the hedge,gardener,trimmed,hedge,NA,1578.666667,aslg0408_4ch.wav,0.785398163397448,1,0.382636890775616,0
RU221003,168,main,6,4,aslg0208,The snow lay on the hills,snow,lay,hills,NA,1792,aslg0208_4ch.wav,0.785398163397448,1,-1.06527938211226,0
RU221003,169,main,6,4,bkbg0107,The green tomatoes are small,green,tomatoes,small,NA,1962.666667,bkbg0107_4ch.wav,0.494130292074899,0,-2.09287692551087,-0.29126787132255
RU221003,170,main,6,4,aslg1206,The lady spoke to the driver,lady,spoke,driver,NA,1724.479167,aslg1206_4ch.wav,0.494882617279378,0,-2.09201941045671,-0.29051554611807
RU221003,171,main,6,2,aslg0314,The man climbed the mountain,man,climbed,mountain,NA,1598.416667,aslg0314_8ch.wav,0.785398163397448,1,-1.94200609037644,0
RU221003,172,main,6,2,bkbg0413,The girl lost her doll,girl,lost,doll,NA,1418.666667,bkbg0413_8ch.wav,0.920297302827832,0,1.8836651708162,0.134899139430384
RU221003,173,main,6,2,bkbg0607,The sun melted the snow,sun,melted,snow,NA,1738.666667,bkbg0607_8ch.wav,0.661381885896781,0,0.772173999965634,-0.124016277500667
RU221003,174,main,6,2,aslg0202,They finished the jigsaw,They,finished,jigsaw,NA,1397.333333,aslg0202_8ch.wav,0.785398163397448,1,2.72074933037999,0
RU221003,175,main,6,2,aslg0307,The new shoes were tight,new,shoes,tight,NA,1941.333333,aslg0307_8ch.wav,0.595202115290767,0,-0.0252477363416958,-0.190196048106681
RU221003,176,main,6,2,aslg1804,The daughter drank some lemonade,daughter,drank,lemonade,NA,1793.625,aslg1804_8ch.wav,0.785398163397448,1,1.80829755092394,0
RU221003,177,main,6,1,bkbg0112,The boy did a handstand,boy,did,handstand,NA,1685.333333,bkbg0112_8ch.wav,0.785398163397448,1,2.61284171391068,0
RU221003,178,main,6,1,aslg0115,The neighbour knocked at the door,neighbour,knocked,door,NA,1728,aslg0115_8ch.wav,1.76049228003357,0,-1.09421699320397,0.975094116636121
RU221003,179,main,6,1,aslg1412,He's visiting his uncle,Hes,visiting,uncle,NA,1578.666667,aslg1412_8ch.wav,-0.194100927601417,0,1.97424633381855,-0.979499090998865
RU221003,180,main,6,1,aslg0911,The yellow bananas are ripe,yellow,bananas,ripe,NA,1642.854167,aslg0911_8ch.wav,0.785398163397448,1,3.00779251243847,0
RU221003,181,main,6,1,aslg0713,The tree lost its leaves,tree,lost,leaves,NA,1600,aslg0713_8ch.wav,1.79366523954177,0,2.45775724037974,1.00826707614432
RU221003,182,main,6,1,aslg1701,The man climbed the ladder,man,climbed,ladder,NA,1621.333333,aslg1701_8ch.wav,0.785398163397448,1,0.281311797146753,0
RU221003,183,main,6,3,bkbg0108,He played with his train,He,played,train,NA,1600,bkbg0108_4ch.wav,1.72906090750334,0,1.18144067522205,0.943662744105894
RU221003,184,main,6,3,bkbg0216,The school finished early,school,finished,early,NA,1610.666667,bkbg0216_4ch.wav,0.785398163397448,1,1.61833686400518,0
RU221003,185,main,6,3,aslg1104,She polished her shoes,She,polished,shoes,NA,1431.520833,aslg1104_4ch.wav,1.69331878881161,0,0.715884265864987,0.907920625414157
RU221003,186,main,6,3,aslg1405,The lady wore her coat,lady,wore,coat,NA,1461.333333,aslg1405_4ch.wav,0.785398163397448,1,-2.6806780114415,0
RU221003,187,main,6,3,bkbg0612,A sharp knife's dangerous,sharp,knifes,dangerous,NA,1834.666667,bkbg0612_4ch.wav,0.785398163397448,1,-1.78999938974942,0
RU221003,188,main,6,3,bkbg0706,Mother fetches a saucepan,Mother,fetches,saucepan,NA,1642.666667,bkbg0706_4ch.wav,-0.108822799902212,0,2.21257170427428,-0.89422096329966
RU221003,189,main,7,4,bkbg1614,The cars going too fast,cars,going,too,fast,1728,bkbg1614_4ch.wav,0.785398163397448,1,-1.04820632105508,0
RU221003,190,main,7,4,bkbg1015,The buckets hold water,buckets,hold,water,NA,1482.666667,bkbg1015_4ch.wav,1.01958042577854,0,2.82308461617127,0.23418226238109
RU221003,191,main,7,4,bkbg1605,A lady buys some butter,lady,buys,butter,NA,1557.333333,bkbg1605_4ch.wav,0.785398163397448,1,3.0620700675714,0
RU221003,192,main,7,4,aslg1106,The pudding was very good,pudding,very,good,NA,1974.166667,aslg1106_4ch.wav,0.945756773045041,0,2.11528028563829,0.160358609647593
RU221003,193,main,7,4,aslg0403,She read her book,She,read,book,NA,1184,aslg0403_4ch.wav,0.785398163397448,1,2.43601976627435,0
RU221003,194,main,7,4,bkbg1802,They like orange marmalade,They,like,orange,marmalade,1610.666667,bkbg1802_4ch.wav,0.785398163397448,1,-2.99102856236593,0
RU221003,195,main,7,2,bkbg1712,Some brown leaves fell off the tree,brown,leaves,fell,tree,1964.916667,bkbg1712_8ch.wav,0.562723004251321,0,-0.794147940377049,-0.222675159146127
RU221003,196,main,7,2,bkbg1703,The sky was very blue,sky,very,blue,NA,1589.333333,bkbg1703_8ch.wav,0.785398163397448,1,-1.89307737017497,0
RU221003,197,main,7,2,bkbg1401,The angry man shouted,angry,man,shouted,NA,1587.645833,bkbg1401_8ch.wav,0.493223207253849,0,-2.37061907698853,-0.292174956143599
RU221003,198,main,7,2,bkbg1302,The husband brings some flowers,husband,brings,flowers,NA,1792,bkbg1302_8ch.wav,0.785398163397448,1,-2.05902646152924,0
RU221003,199,main,7,2,bkbg1414,The sign showed the way,sign,showed,way,NA,1600,bkbg1414_8ch.wav,0.578385146160422,0,-2.65441114782182,-0.207013017237026
RU221003,200,main,7,2,bkbg1106,They finished the dinner,They,finished,dinner,NA,1098.666667,bkbg1106_8ch.wav,0.92191721967407,0,-1.10202470091275,0.136519056276622
RU221003,201,main,7,3,bkbg0908,He listens to his father,He,listens,to,father,1557.333333,bkbg0908_4ch.wav,0.785398163397448,1,0.8283717260716,0
RU221003,202,main,7,3,bkbg0104,Children like strawberries,Children,like,strawberries,NA,1642.666667,bkbg0104_4ch.wav,-0.260998399026649,0,-3.09263220614516,-1.0463965624241
RU221003,203,main,7,3,bkbg1710,The scissors are quite sharp,scissors,quite,sharp,NA,1546.666667,bkbg1710_4ch.wav,0.785398163397448,1,-0.152296609292917,0
RU221003,204,main,7,3,aslg1310,Mother's filling the kettle,Mothers,filling,kettle,NA,1461.333333,aslg1310_4ch.wav,1.8147227294264,0,-1.95049877677034,1.02932456602895
RU221003,205,main,7,3,bkbg0902,The young boy left home,young,boy,left,home,1546.666667,bkbg0902_4ch.wav,0.785398163397448,1,0.715400807272496,0
RU221003,206,main,7,3,bkbg0111,The bag bumps on the ground,bag,bumps,ground,NA,1920,bkbg0111_4ch.wav,1.63147890473119,0,-2.21365675953283,0.846080741333743
RU221003,207,main,7,1,aslg1613,The car hit the tree,car,hit,tree,NA,1557.333333,aslg1613_8ch.wav,0.785398163397448,1,-0.434934700433635,0
RU221003,208,main,7,1,aslg0209,The father used a towel,father,used,towel,NA,1525.333333,aslg0209_8ch.wav,-0.133471787728367,0,1.63879120357797,-0.918869951125816
RU221003,209,main,7,1,aslg1815,The biscuit tin was empty,biscuit,tin,empty,NA,1834.666667,aslg1815_8ch.wav,0.785398163397448,1,1.02374879701767,0
RU221003,210,main,7,1,aslg1305,The woman used her key,woman,used,key,NA,1856,aslg1305_8ch.wav,0.785398163397448,1,3.12636139570911,0
RU221003,211,main,7,1,bkbg1705,The big boy kicked the ball,big,boy,kicked,ball,1610.666667,bkbg1705_8ch.wav,1.697971886698,0,2.49759760196584,0.912573723300556
RU221003,212,main,7,1,bkbg1804,He’s skating with his friend,Hes,skating,with,friend,1664,bkbg1804_8ch.wav,0.785398163397448,1,1.59561906972245,0
RU221003,213,main,7,4,bkbg0813,She writes to her brother,She,writes,brother,NA,1450.666667,bkbg0813_4ch.wav,0.664325723415321,0,2.1419946132152,-0.121072439982127
RU221003,214,main,7,4,aslg1807,The church stood on the hill,church,stood,hill,NA,1450.666667,aslg1807_4ch.wav,0.785398163397448,1,2.7005993285045,0
RU221003,215,main,7,4,bkbg0214,The little baby sleeps,little,baby,sleeps,NA,1610.666667,bkbg0214_4ch.wav,0.677853971217339,0,1.37859661711083,-0.107544192180109
RU221003,216,main,7,4,bkbg0910,They went on holiday,They,went,holiday,NA,1269.333333,bkbg0910_4ch.wav,1.03071576287034,0,3.06518895593173,0.245317599472893
RU221003,217,main,7,4,bkbg0905,The table has three legs,table,three,legs,NA,1760,bkbg0905_4ch.wav,0.785398163397448,1,-0.0825674991795091,0
RU221003,218,main,7,4,bkbg1005,They followed the path,They,followed,path,NA,1226.666667,bkbg1005_4ch.wav,0.615935135549325,0,-2.05712722199098,-0.169463027848123
RU221003,219,main,7,2,aslg0503,The doctor carries a bag,doctor,carries,bag,NA,1759.75,aslg0503_8ch.wav,0.785398163397448,1,2.50162725749063,0
RU221003,220,main,7,2,bkbg0812,The bus stopped suddenly,bus,stopped,suddenly,NA,1578.666667,bkbg0812_8ch.wav,0.614357411335188,0,1.40394904787116,-0.17104075206226
RU221003,221,main,7,2,aslg0210,The tree was in the back garden,tree,back,garden,NA,1717.333333,aslg0210_8ch.wav,0.98959979406672,0,-2.46071867820634,0.204201630669272
RU221003,222,main,7,2,bkbg0609,She had her pocket money,She,pocket,money,NA,1418.666667,bkbg0609_8ch.wav,0.785398163397448,1,-1.58129345969617,0
RU221003,223,main,7,2,bkbg1704,They knocked on the window,They,knocked,window,NA,1397.333333,bkbg1704_8ch.wav,1.00447981316684,0,-0.369948076921326,0.219081649769393
RU221003,224,main,7,2,aslg0107,The towel dripped on the carpet,towel,dripped,carpet,NA,1826.395833,aslg0107_8ch.wav,0.514547997443645,0,-1.95562616537509,-0.270850165953803
RU221003,225,main,7,3,bkbg0512,Somebody took the money,Somebody,took,money,NA,1429.333333,bkbg0512_4ch.wav,0.785398163397448,1,1.21760460071523,0
RU221003,226,main,7,3,aslg0715,The young mother's shopping,young,mothers,shopping,NA,1717.333333,aslg0715_4ch.wav,1.75640835590217,0,0.445033022138944,0.971010192504724
RU221003,227,main,7,3,aslg0709,The sailor stood on the deck,sailor,stood,deck,NA,1621.333333,aslg0709_4ch.wav,0.785398163397448,1,-2.90619989151208,0
RU221003,228,main,7,3,bkbg1702,He drinks from his mug,He,drinks,mug,NA,1248,bkbg1702_4ch.wav,0.785398163397448,1,-1.69682811672994,0
RU221003,229,main,7,3,bkbg1716,The dog chased the cat,dog,chased,cat,NA,1418.666667,bkbg1716_4ch.wav,-0.21722714781808,0,0.0367634695252589,-1.00262531121553
RU221003,230,main,7,3,aslg0809,The post office was near,post,office,near,NA,1322.666667,aslg0809_4ch.wav,0.785398163397448,1,1.89580958161336,0
RU221003,231,main,7,1,aslg0604,The rope was too short,rope,too,short,NA,1632,aslg0604_8ch.wav,0.785398163397448,1,-0.333358228521358,0
RU221003,232,main,7,1,aslg1015,The man drew with a pencil,man,drew,pencil,NA,1754.8125,aslg1015_8ch.wav,-0.158636170158824,0,2.63942657882562,-0.944034333556272
RU221003,233,main,7,1,aslg1401,The chocolate box was empty,chocolate,box,empty,NA,1738.666667,aslg1401_8ch.wav,0.785398163397448,1,-1.24334667880047,0
RU221003,234,main,7,1,aslg1605,The hill was very steep,hill,very,steep,NA,1578.666667,aslg1605_8ch.wav,0.785398163397448,1,-0.670880090946423,0
RU221003,235,main,7,1,bkbg2013,She brushed her hair,She,brushed,hair,NA,1269.333333,bkbg2013_8ch.wav,1.79782539833064,0,-1.79585701080999,1.0124272349332
RU221003,236,main,7,1,aslg1204,The other team are losing,other,team,losing,NA,1962.666667,aslg1204_8ch.wav,1.76787370019189,0,-0.651703423521884,0.982475536794446
RU221003,237,main,8,2,bkbg0311,They ate the lemon jelly,They,ate,lemon,jelly,1504,bkbg0311_8ch.wav,0.891001033340159,0,1.42871520840659,0.105602869942711
RU221003,238,main,8,2,bkbg1909,He’s reaching for his spoon,Hes,reaching,spoon,NA,1557.333333,bkbg1909_8ch.wav,0.785398163397448,1,-0.446355081986047,0
RU221003,239,main,8,2,bkbg1911,The milkman drives a small van,milkman,drives,small,van,1961.020833,bkbg1911_8ch.wav,0.785398163397448,1,-3.10067196470181,0
RU221003,240,main,8,2,aslg1307,The pears were too hard,pears,too,hard,NA,1450.666667,aslg1307_8ch.wav,0.64892936415526,0,-2.49240597141962,-0.136468799242188
RU221003,241,main,8,2,aslg1403,The lorry drove up the hill,lorry,drove,hill,NA,1461.333333,aslg1403_8ch.wav,0.653733726374339,0,-2.58739902880578,-0.131664437023109
RU221003,242,main,8,2,bkbg1416,The match fell on the floor,match,fell,floor,NA,1621.333333,bkbg1416_8ch.wav,0.785398163397448,1,-2.82671142672343,0
RU221003,243,main,8,1,aslg1704,The ice cream was cold,ice,cream,cold,NA,1834.666667,aslg1704_8ch.wav,-0.132029761535534,0,-1.11243065186822,-0.917427924932982
RU221003,244,main,8,1,bkbg0911,Baby broke his mug,Baby,broke,mug,NA,1397.333333,bkbg0911_8ch.wav,0.785398163397448,1,-2.36638798853406,0
RU221003,245,main,8,1,bkbg1105,The driver waits by the corner,driver,waits,corner,NA,1621.333333,bkbg1105_8ch.wav,-0.225251958835557,0,-1.52089650946135,-1.01065012223301
RU221003,246,main,8,1,bkbg1013,The shirts hang in the cupboard,shirts,hang,cupboard,NA,1568,bkbg1013_8ch.wav,1.65443707445663,0,-2.20148805955272,0.869038911059182
RU221003,247,main,8,1,aslg0114,The milk boiled over,milk,boiled,over,NA,1610.666667,aslg0114_8ch.wav,0.785398163397448,1,1.32170768381173,0
RU221003,248,main,8,1,bkbg1314,The boy has black hair,boy,black,hair,NA,1408,bkbg1314_8ch.wav,1.74698496222431,0,0.360138585030328,0.961586798826858
RU221003,249,main,8,2,aslg0810,They rowed the boat,They,rowed,boat,NA,1290.666667,aslg0810_8ch.wav,0.785398163397448,1,1.39831506930364,0
RU221003,250,main,8,2,aslg0303,He hid his money,He,hid,money,NA,1146.625,aslg0303_8ch.wav,0.785398163397448,1,2.55205968855496,0
RU221003,251,main,8,2,bkbg0211,A mouse ran down the hole,mouse,ran,down,hole,1762.083333,bkbg0211_8ch.wav,0.479174253798812,0,-1.27053734243523,-0.306223909598636
RU221003,252,main,8,2,bkbg2012,The raincoat's hanging up,raincoats,hanging,up,NA,1610.666667,bkbg2012_8ch.wav,1.06849446277713,0,0.908427915438898,0.283096299379686
RU221003,253,main,8,2,aslg1501,The red bus was late,red,bus,late,NA,1312,aslg1501_8ch.wav,0.785398163397448,1,1.51591265718447,0
RU221003,254,main,8,2,bkbg0315,The room's getting cold,rooms,getting,cold,NA,1440,bkbg0315_8ch.wav,0.676131106195052,0,2.05210837058845,-0.109267057202396
RU221003,255,main,8,3,bkbg1708,The lady sat on her chair,lady,sat,chair,NA,1696,bkbg1708_4ch.wav,0.785398163397448,1,-1.55833670605589,0
RU221003,256,main,8,3,aslg1002,The meat was too tough,meat,too,tough,NA,1526.541667,aslg1002_4ch.wav,1.76165134969784,0,-0.93645962704701,0.976253186300393
RU221003,257,main,8,3,bkbg1116,The father writes a letter,father,writes,letter,NA,1418.666667,bkbg1116_4ch.wav,0.785398163397448,1,-2.89190378256332,0
RU221003,258,main,8,3,bkbg0309,The milk came in a bottle,milk,came,bottle,NA,1653.333333,bkbg0309_4ch.wav,1.63191697994433,0,-2.71713612701192,0.846518816546882
RU221003,259,main,8,3,bkbg1209,They had some cold meat,They,cold,meat,NA,1237.333333,bkbg1209_4ch.wav,0.785398163397448,1,1.18600827995449,0
RU221003,260,main,8,3,aslg1511,They're buying some lunch,Theyre,buying,lunch,NA,1333.333333,aslg1511_4ch.wav,1.75030115789508,0,-1.10248219274707,0.964902994497633
RU221003,261,main,8,4,bkbg0614,The clever girls are reading,clever,girls,reading,NA,1557.333333,bkbg0614_4ch.wav,1.06407230395001,0,2.19488489928183,0.278674140552559
RU221003,262,main,8,4,bkbg1501,A man’s turning the tap,mans,turning,tap,NA,1760,bkbg1501_4ch.wav,0.785398163397448,1,1.29054775985227,0
RU221003,263,main,8,4,bkbg0610,The lorry drove up the road,lorry,drove,road,NA,1642.666667,bkbg0610_4ch.wav,1.05706864057036,0,2.45630517398763,0.271670477172913
RU221003,264,main,8,4,bkbg0210,The police chased the car,police,chased,car,NA,1706.666667,bkbg0210_4ch.wav,0.785398163397448,1,0.90466092244427,0
RU221003,265,main,8,4,bkbg1409,The girl plays with the baby,girl,plays,baby,NA,1642.666667,bkbg1409_4ch.wav,1.08321033429765,0,-0.553918492064265,0.297812170900206
RU221003,266,main,8,4,bkbg1903,The baby lay on a rug,baby,lay,rug,NA,1450.666667,bkbg1903_4ch.wav,1.0569880936732,0,0.99511311896772,0.271589930275756
RU221003,267,main,8,1,bkbg0816,The coat lies on a chair,coat,lies,on,chair,1664,bkbg0816_8ch.wav,0.785398163397448,1,-0.107410510543036,0
RU221003,268,main,8,1,bkbg1906,The cleaner swept the floor,cleaner,swept,floor,NA,1632,bkbg1906_8ch.wav,0.785398163397448,1,1.12420577004402,0
RU221003,269,main,8,1,bkbg1002,The cleaner used a broom,cleaner,used,broom,NA,1632,bkbg1002_8ch.wav,1.82425255168069,0,0.757850158538352,1.03885438828324
RU221003,270,main,8,1,bkbg0109,The postman shut the gate,postman,shut,gate,NA,1728,bkbg0109_8ch.wav,0.785398163397448,1,-0.294960761320881,0
RU221003,271,main,8,1,aslg1803,The baby sleeps in a cot,baby,sleeps,cot,NA,1557.333333,aslg1803_8ch.wav,0.785398163397448,1,3.0017640322901,0
RU221003,272,main,8,1,aslg0901,The car engine's running,car,engines,running,NA,1813.333333,aslg0901_8ch.wav,1.79146715748017,0,2.9637910204619,1.00606899408272
RU221003,273,main,8,3,bkbg1510,Flowers grow in the garden,Flowers,grow,garden,NA,1578.666667,bkbg1510_4ch.wav,0.785398163397448,1,2.09523607560596,0
RU221003,274,main,8,3,aslg0506,They saw the sign,They,saw,sign,NA,1627.770833,aslg0506_4ch.wav,0.785398163397448,1,1.81198955682543,0
RU221003,275,main,8,3,bkbg1611,They stared at the picture,They,stared,picture,NA,1333.333333,bkbg1611_4ch.wav,-0.257971134059807,0,-0.0735918185708143,-1.04336929745726
RU221003,276,main,8,3,bkbg1503,He’s sucking his thumb,Hes,sucking,thumb,NA,1280,bkbg1503_4ch.wav,1.68643315330107,0,-2.81148874797851,0.901034989903623
RU221003,277,main,8,3,bkbg1612,The cat drank from a saucer,cat,drank,saucer,NA,1728,bkbg1612_4ch.wav,0.785398163397448,1,-1.3471816254574,0
RU221003,278,main,8,3,aslg1014,The bus stopped at the shops,bus,stopped,shops,NA,1685.333333,aslg1014_4ch.wav,1.64958721302478,0,0.702069656850079,0.864189049627335
RU221003,279,main,8,4,bkbg0701,The children dropped the bag,children,dropped,bag,NA,1728,bkbg0701_4ch.wav,0.785398163397448,1,1.90046071192411,0
RU221003,280,main,8,4,aslg0213,They're leaving today,Theyre,leaving,today,NA,1444.25,aslg0213_4ch.wav,0.785398163397448,1,-2.58782114942827,0
RU221003,281,main,8,4,bkbg1304,She argued with her sister,She,argued,sister,NA,1589.333333,bkbg1304_4ch.wav,0.537227127309697,0,2.0981408221347,-0.248171036087751
RU221003,282,main,8,4,aslg1306,The red dress was pretty,red,dress,pretty,NA,1621.333333,aslg1306_4ch.wav,0.785398163397448,1,1.02611229041775,0
RU221003,283,main,8,4,aslg0807,They won the game,They,won,game,NA,1344,aslg0807_4ch.wav,0.785398163397448,1,-1.76499909932934,0
RU221003,284,main,8,4,bkbg0606,The lady goes to the shop,lady,goes,to,shop,1514.666667,bkbg0606_4ch.wav,0.52111540793592,0,-2.73637635229451,-0.264282755461528
RU221003,285,main,9,3,bkbg1309,They waited for one hour,They,waited,one,hour,1376,bkbg1309_4ch.wav,-0.179515967386723,0,0.775262374627821,-0.964914130784171
RU221003,286,main,9,3,aslg1402,The boy filled the buckets,boy,filled,buckets,NA,1781.333333,aslg1402_4ch.wav,0.785398163397448,1,-1.97635137410129,0
RU221003,287,main,9,3,aslg0109,The man dug his garden,man,dug,garden,NA,1834.666667,aslg0109_4ch.wav,1.74736839635379,0,-0.1461666954188,0.961970232956347
RU221003,288,main,9,3,bkbg0303,The kettle's quite hot,kettles,quite,hot,NA,1621.333333,bkbg0303_4ch.wav,0.785398163397448,1,-2.99509470667908,0
RU221003,289,main,9,3,bkbg0608,The father's coming home,fathers,coming,home,NA,1578.666667,bkbg0608_4ch.wav,0.785398163397448,1,0.835609152888296,0
RU221003,290,main,9,3,aslg1601,They did their homework,They,did,homework,NA,1098.666667,aslg1601_4ch.wav,1.74660492997453,0,-0.626996641132413,0.961206766577086
RU221003,291,main,9,1,aslg1814,The floor was quite slippery,floor,quite,slippery,NA,1568,aslg1814_8ch.wav,0.785398163397448,1,0.97130562303608,0
RU221003,292,main,9,1,aslg1710,The father signed a letter,father,signed,letter,NA,1621.333333,aslg1710_8ch.wav,-0.149322225860937,0,1.7850747461799,-0.934720389258385
RU221003,293,main,9,1,bkbg1007,The dog jumped on the chair,dog,jumped,on,chair,1568,bkbg1007_8ch.wav,0.785398163397448,1,-0.21423021383685,0
RU221003,294,main,9,1,aslg1407,The dog heard a noise,dog,heard,noise,NA,1429.333333,aslg1407_8ch.wav,-0.147907988699117,0,-2.59826185042438,-0.933306152096565
RU221003,295,main,9,1,aslg0910,The horse kicked the rider,horse,kicked,rider,NA,1728,aslg0910_8ch.wav,0.785398163397448,1,0.291076341116551,0
RU221003,296,main,9,1,bkbg1203,The front garden was pretty,front,garden,pretty,NA,1514.666667,bkbg1203_8ch.wav,0.785398163397448,1,-0.539397880701865,0
RU221003,297,main,9,3,bkbg1208,The bread van's coming,bread,vans,coming,NA,1269.333333,bkbg1208_4ch.wav,1.6281956289034,0,-3.07605497324234,0.842797465505951
RU221003,298,main,9,3,aslg0212,The lady pushed the pram,lady,pushed,pram,NA,1429.333333,aslg0212_4ch.wav,-0.0922330275401166,0,-2.82070546550078,-0.877631190937565
RU221003,299,main,9,3,bkbg0705,The fruit lies on the ground,fruit,lies,ground,NA,1760,bkbg0705_4ch.wav,0.785398163397448,1,-0.468460415211654,0
RU221003,300,main,9,3,aslg1303,The pool was very deep,pool,very,deep,NA,1621.333333,aslg1303_4ch.wav,1.79121250806083,0,-0.63074611098024,1.00581434466338
RU221003,301,main,9,3,bkbg0514,They wanted some potatoes,They,wanted,potatoes,NA,1621.333333,bkbg0514_4ch.wav,0.785398163397448,1,0.349040155186495,0
RU221003,302,main,9,3,bkbg1216,A tree fell on the house,tree,fell,house,NA,1610.666667,bkbg1216_4ch.wav,-0.251211681619369,0,-1.12948598215933,-1.03660984501682
RU221003,303,main,9,4,bkbg1204,He lost his hat,He,lost,hat,NA,1013.333333,bkbg1204_4ch.wav,0.785398163397448,1,2.96389105225716,0
RU221003,304,main,9,4,aslg0406,The horse stands by the gate,horse,stands,gate,NA,1920,aslg0406_4ch.wav,0.785398163397448,1,1.15320909551649,0
RU221003,305,main,9,4,bkbg1115,A fish lay on the plate,fish,lay,plate,NA,1621.333333,bkbg1115_4ch.wav,0.535355226165631,0,-1.67027566722273,-0.250042937231817
RU221003,306,main,9,4,aslg0712,The back door was shut,back,door,shut,NA,1290.666667,aslg0712_4ch.wav,0.97311618018982,0,0.48523099065823,0.187718016792371
RU221003,307,main,9,4,aslg1302,He's kicking the door,Hes,kicking,door,NA,1194.666667,aslg1302_4ch.wav,0.785398163397448,1,2.03662088370729,0
RU221003,308,main,9,4,aslg1008,The bath taps are dripping,bath,taps,dripping,NA,1760,aslg1008_4ch.wav,1.05082701634707,0,-0.435155909857234,0.265428852949626
RU221003,309,main,9,2,aslg0306,They emptied their pockets,They,emptied,pockets,NA,1866.666667,aslg0306_8ch.wav,0.785398163397448,1,0.481462194417708,0
RU221003,310,main,9,2,bkbg0603,They laughed at his story,They,laughed,story,NA,1450.666667,bkbg0603_8ch.wav,0.547789675542093,0,0.233828382365439,-0.237608487855355
RU221003,311,main,9,2,aslg1514,Someone's listening at the door,Someones,listening,door,NA,1725.083333,aslg1514_8ch.wav,0.785398163397448,1,-1.59276282461848,0
RU221003,312,main,9,2,bkbg2014,The two children are laughing,two,children,laughing,NA,1632,bkbg2014_8ch.wav,0.785398163397448,1,1.09554504047397,0
RU221003,313,main,9,2,bkbg0616,The woman tidied her house,woman,tidied,house,NA,1845.333333,bkbg0616_8ch.wav,0.917393717039225,0,-2.03724654946496,0.131995553641777
RU221003,314,main,9,2,aslg1011,The new towel was clean,new,towel,clean,NA,1483.75,aslg1011_8ch.wav,0.785398163397448,1,-2.58272716195762,0
RU221003,315,main,9,1,bkbg2110,The egg cups are on the table,egg,cups,table,NA,1600,bkbg2110_8ch.wav,0.785398163397448,1,0.26378558609885,0
RU221003,316,main,9,1,bkbg1310,The big dog was dangerous,big,dog,dangerous,NA,1578.666667,bkbg1310_8ch.wav,-0.079397053579734,0,-1.37770750384266,-0.864795216977182
RU221003,317,main,9,1,aslg0207,The mother shook her head,mother,shook,head,NA,1589.333333,aslg0207_8ch.wav,0.785398163397448,1,2.66210615297179,0
RU221003,318,main,9,1,bkbg1603,He closed his eyes,He,closed,eyes,NA,1344,bkbg1603_8ch.wav,-0.0691703965520504,0,2.90448859639806,-0.854568559949499
RU221003,319,main,9,1,bkbg0407,They’re crossing the street,Theyre,crossing,street,NA,1344,bkbg0407_8ch.wav,-0.111662341529101,0,-2.13433421431915,-0.89706050492655
RU221003,320,main,9,1,bkbg0508,The park’s near the road,parks,near,road,NA,1504,bkbg0508_8ch.wav,0.785398163397448,1,-2.24149392131811,0
RU221003,321,main,9,4,aslg0701,The cat scratched the chair,cat,scratched,chair,NA,1831.9375,aslg0701_4ch.wav,0.534918920526967,0,0.0842880655200912,-0.250479242870482
RU221003,322,main,9,4,bkbg1207,She’s waiting for her bus,Shes,waiting,bus,NA,1450.666667,bkbg1207_4ch.wav,0.785398163397448,1,0.925409823256699,0
RU221003,323,main,9,4,bkbg1610,The driver lost his way,driver,lost,way,NA,1450.666667,bkbg1610_4ch.wav,0.785398163397448,1,-2.55313009399691,0
RU221003,324,main,9,4,bkbg0312,The boys running away,boys,running,away,NA,1536,bkbg0312_4ch.wav,0.50519128340367,0,-2.80928825052448,-0.280206879993778
RU221003,325,main,9,4,bkbg1601,The children wave at the train,children,wave,train,NA,1728,bkbg1601_4ch.wav,0.607916031403873,0,2.69723117232747,-0.177482131993575
RU221003,326,main,9,4,bkbg1504,The shop closed for lunch,shop,closed,lunch,NA,1866.666667,bkbg1504_4ch.wav,0.785398163397448,1,-2.53995386891821,0
RU221003,327,main,9,2,aslg0804,The plant grows on the wall,plant,grows,wall,NA,1759.729167,aslg0804_8ch.wav,0.910682695156724,0,-2.74405066285136,0.125284531759275
RU221003,328,main,9,2,aslg0108,The bull chased the lady,bull,chased,lady,NA,1728,aslg0108_8ch.wav,0.583316071404719,0,2.86380213876314,-0.20208209199273
RU221003,329,main,9,2,aslg0811,The old fox was sly,old,fox,sly,NA,1903.291667,aslg0811_8ch.wav,0.785398163397448,1,-0.915986644990105,0
RU221003,330,main,9,2,bkbg0516,The cold milk's in a jug,cold,milks,jug,NA,1610.666667,bkbg0516_8ch.wav,0.943363806235009,0,-1.78879975864685,0.157965642837561
RU221003,331,main,9,2,aslg0309,The sun shone through the clouds,sun,shone,clouds,NA,1972.416667,aslg0309_8ch.wav,0.506804958461096,0,0.908231307531534,-0.278593204936353
RU221003,332,main,9,2,aslg0907,He tied his shoelaces,He,tied,shoelaces,NA,1482.666667,aslg0907_8ch.wav,0.785398163397448,1,1.18328086094678,0
RU221003,333,posttest,10,3,bkbg0716,The new road’s on the map,new,roads,map,NA,1568,bkbg0716_4ch.wav,1.66889859718166,0,-1.62759716824219,0.883500433784208
RU221003,334,posttest,10,NaN,bkbg1404,Mother opens the drawer,Mother,opens,drawer,NA,NaN,,NaN,NaN,NaN,NaN
RU221003,335,posttest,10,1,aslg0209,The father used a towel,father,used,towel,NA,1525.333333,aslg0209_8ch.wav,-0.133471787728367,0,1.63879120357797,-0.918869951125816
RU221003,336,posttest,10,NaN,aslg1107,The apples came in a bag,apples,came,bag,NA,NaN,,NaN,NaN,NaN,NaN
RU221003,337,posttest,10,3,bkbg0111,The bag bumps on the ground,bag,bumps,ground,NA,1920,bkbg0111_4ch.wav,1.63147890473119,0,-2.21365675953283,0.846080741333743
RU221003,338,posttest,10,NaN,bkbg2003,The football hit the goalpost,football,hit,goalpost,NA,NaN,,NaN,NaN,NaN,NaN
RU221003,339,posttest,10,1,aslg0814,The boiled egg was soft,boiled,egg,soft,NA,1685.333333,aslg0814_8ch.wav,0.785398163397448,1,-2.09991095689072,0
RU221003,340,posttest,10,1,aslg1412,He's visiting his uncle,Hes,visiting,uncle,NA,1578.666667,aslg1412_8ch.wav,-0.194100927601417,0,1.97424633381855,-0.979499090998865
RU221003,341,posttest,10,NaN,aslg0515,The nurse helped the child,nurse,helped,child,NA,NaN,,NaN,NaN,NaN,NaN
RU221003,342,posttest,10,4,aslg1709,The milk was very cold,milk,very,cold,NA,1536,aslg1709_4ch.wav,0.944098465069843,0,-1.70359216355795,0.158700301672395
RU221003,343,posttest,10,1,bkbg2002,They’re going out,Theyre,going,out,NA,1034.666667,bkbg2002_8ch.wav,0.785398163397448,1,-1.09514243846622,0
RU221003,344,posttest,10,3,aslg0104,The yellow leaves are falling,yellow,leaves,falling,NA,1760,aslg0104_4ch.wav,-0.151489598853682,0,-2.76906103326054,-0.93688776225113
RU221003,345,posttest,10,4,bkbg1111,The cow gave some milk,cow,gave,milk,NA,1418.666667,bkbg1111_4ch.wav,0.785398163397448,1,0.215128352449691,0
RU221003,346,posttest,10,2,bkbg1816,The cup hangs on a hook,cup,hangs,hook,NA,1589.333333,bkbg1816_8ch.wav,0.785398163397448,1,0.931507324328217,0
RU221003,347,posttest,10,NaN,aslg1409,The cows grazed in the field,cows,grazed,field,NA,NaN,,NaN,NaN,NaN,NaN
RU221003,348,posttest,10,4,bkbg0708,The young people are dancing,young,people,dancing,NA,1621.333333,bkbg0708_4ch.wav,0.621218321789666,0,-2.62277613998041,-0.164179841607782
RU221003,349,posttest,10,2,aslg0309,The sun shone through the clouds,sun,shone,clouds,NA,1972.416667,aslg0309_8ch.wav,0.506804958461096,0,0.908231307531534,-0.278593204936353
RU221003,350,posttest,10,4,bkbg1413,The postman comes early,postman,comes,early,NA,1568,bkbg1413_4ch.wav,0.785398163397448,1,1.27651106388314,0
RU221003,351,posttest,10,4,bkbg2102,The dog drank from a bowl,dog,drank,bowl,NA,1749.333333,bkbg2102_4ch.wav,0.785398163397448,1,-1.8607401971643,0
RU221003,352,posttest,10,3,aslg1012,The water poured from a jug,water,poured,jug,NA,1781.333333,aslg1012_4ch.wav,0.785398163397448,1,0.600961611581735,0
RU221003,353,posttest,10,3,bkbg0108,He played with his train,He,played,train,NA,1600,bkbg0108_4ch.wav,1.72906090750334,0,1.18144067522205,0.943662744105894
RU221003,354,posttest,10,3,bkbg2008,They sat on a wooden bench,They,sat,wooden,bench,1738.666667,bkbg2008_4ch.wav,0.785398163397448,1,-1.31567098623587,0
RU221003,355,posttest,10,3,aslg1112,The clothes are covered in mud,clothes,covered,mud,NA,1742.583333,aslg1112_4ch.wav,-0.257688238478376,0,2.9249670444893,-1.04308640187582
RU221003,356,posttest,10,2,aslg1114,The three iends are cycling,three,iends,cycling,NA,1736.5,aslg1114_8ch.wav,0.984861019545947,0,-1.36718103812504,0.199462856148499
RU221003,357,posttest,10,NaN,bkbg1012,The milk was by the front door,milk,front,door,NA,NaN,,NaN,NaN,NaN,NaN
RU221003,358,posttest,10,4,bkbg0312,The boys running away,boys,running,away,NA,1536,bkbg0312_4ch.wav,0.50519128340367,0,-2.80928825052448,-0.280206879993778
RU221003,359,posttest,10,3,bkbg1104,The lady stayed for tea,lady,stayed,tea,NA,1504,bkbg1104_4ch.wav,0.785398163397448,1,0.883303338559434,0
RU221003,360,posttest,10,NaN,bkbg1215,The boy had a toy dragon,boy,toy,dragon,NA,NaN,,NaN,NaN,NaN,NaN
RU221003,361,posttest,10,4,aslg0406,The horse stands by the gate,horse,stands,gate,NA,1920,aslg0406_4ch.wav,0.785398163397448,1,1.15320909551649,0
RU221003,362,posttest,10,NaN,bkbg1902,Sugar's very sweet,Sugars,very,sweet,NA,NaN,,NaN,NaN,NaN,NaN
RU221003,363,posttest,10,1,aslg0114,The milk boiled over,milk,boiled,over,NA,1610.666667,aslg0114_8ch.wav,0.785398163397448,1,1.32170768381173,0
RU221003,364,posttest,10,2,bkbg0616,The woman tidied her house,woman,tidied,house,NA,1845.333333,bkbg0616_8ch.wav,0.917393717039225,0,-2.03724654946496,0.131995553641777
RU221003,365,posttest,10,NaN,bkbg0715,He’s holding his nose,Hes,holding,nose,NA,NaN,,NaN,NaN,NaN,NaN
RU221003,366,posttest,10,3,bkbg1509,They met some friends,They,met,some,friends,1354.666667,bkbg1509_4ch.wav,1.66118036874275,0,-2.10140402557723,0.875782205345307
RU221003,367,posttest,10,NaN,aslg0404,The new house was empty,new,house,empty,NA,NaN,,NaN,NaN,NaN,NaN
RU221003,368,posttest,10,2,bkbg1416,The match fell on the floor,match,fell,floor,NA,1621.333333,bkbg1416_8ch.wav,0.785398163397448,1,-2.82671142672343,0
RU221003,369,posttest,10,4,bkbg1912,The boy slipped on the stairs,boy,slipped,on,stairs,1877.333333,bkbg1912_4ch.wav,0.785398163397448,1,3.06061906800877,0
RU221003,370,posttest,10,NaN,bkbg1308,The mouse found the cheese,mouse,found,cheese,NA,NaN,,NaN,NaN,NaN,NaN
RU221003,371,posttest,10,4,bkbg0614,The clever girls are reading,clever,girls,reading,NA,1557.333333,bkbg0614_4ch.wav,1.06407230395001,0,2.19488489928183,0.278674140552559
RU221003,372,posttest,10,4,aslg0112,The old shoes were muddy,old,shoes,muddy,NA,1472,aslg0112_4ch.wav,0.785398163397448,1,2.70825381412727,0
RU221003,373,posttest,10,2,aslg1011,The new towel was clean,new,towel,clean,NA,1483.75,aslg1011_8ch.wav,0.785398163397448,1,-2.58272716195762,0
RU221003,374,posttest,10,3,aslg1203,The girl broke a vase,girl,broke,vase,NA,1525.333333,aslg1203_4ch.wav,0.785398163397448,1,0.946183547009055,0
RU221003,375,posttest,10,1,bkbg1013,The shirts hang in the cupboard,shirts,hang,cupboard,NA,1568,bkbg1013_8ch.wav,1.65443707445663,0,-2.20148805955272,0.869038911059182
RU221003,376,posttest,10,NaN,aslg0214,The picture hung on the wall,picture,hung,wall,NA,NaN,,NaN,NaN,NaN,NaN
RU221003,377,posttest,10,2,aslg1804,The daughter drank some lemonade,daughter,drank,lemonade,NA,1793.625,aslg1804_8ch.wav,0.785398163397448,1,1.80829755092394,0
RU221003,378,posttest,10,NaN,bkbg1006,The kitchen clock was wrong,kitchen,clock,wrong,NA,NaN,,NaN,NaN,NaN,NaN
RU221003,379,posttest,10,1,aslg1803,The baby sleeps in a cot,baby,sleeps,cot,NA,1557.333333,aslg1803_8ch.wav,0.785398163397448,1,3.0017640322901,0
RU221003,380,posttest,10,NaN,bkbg0707,They washed in cold water,They,washed,cold,water,NaN,,NaN,NaN,NaN,NaN
RU221003,381,posttest,10,4,bkbg0905,The table has three legs,table,three,legs,NA,1760,bkbg0905_4ch.wav,0.785398163397448,1,-0.0825674991795091,0
RU221003,382,posttest,10,NaN,aslg1208,She's sitting on the swing,Shes,sitting,swing,NA,NaN,,NaN,NaN,NaN,NaN
RU221003,383,posttest,10,4,aslg0213,They're leaving today,Theyre,leaving,today,NA,1444.25,aslg0213_4ch.wav,0.785398163397448,1,-2.58782114942827,0
RU221003,384,posttest,10,NaN,aslg1806,They're living by the sea,Theyre,living,sea,NA,NaN,,NaN,NaN,NaN,NaN
RU221003,385,posttest,10,4,bkbg0214,The little baby sleeps,little,baby,sleeps,NA,1610.666667,bkbg0214_4ch.wav,0.677853971217339,0,1.37859661711083,-0.107544192180109
RU221003,386,posttest,10,1,bkbg1806,Rain falls from clouds,Rain,falls,clouds,NA,1824,bkbg1806_8ch.wav,1.77002475725918,0,-2.63958307666802,0.984626593861736
RU221003,387,posttest,10,2,aslg0305,The knife cut the cake,knife,cut,cake,NA,1526.791667,aslg0305_8ch.wav,0.785398163397448,1,-0.85906548099339,0
RU221003,388,posttest,10,2,bkbg0414,The cooks making a cake,cooks,making,cake,NA,1642.666667,bkbg0414_8ch.wav,0.785398163397448,1,1.44289926612426,0
RU221003,389,posttest,10,2,aslg0108,The bull chased the lady,bull,chased,lady,NA,1728,aslg0108_8ch.wav,0.583316071404719,0,2.86380213876314,-0.20208209199273
RU221003,390,posttest,10,3,aslg1405,The lady wore her coat,lady,wore,coat,NA,1461.333333,aslg1405_4ch.wav,0.785398163397448,1,-2.6806780114415,0
RU221003,391,posttest,10,1,bkbg0508,The park’s near the road,parks,near,road,NA,1504,bkbg0508_8ch.wav,0.785398163397448,1,-2.24149392131811,0
RU221003,392,posttest,10,NaN,aslg0205,The salt cellar's full,salt,cellars,full,NA,NaN,,NaN,NaN,NaN,NaN
RU221003,393,posttest,10,3,bkbg0608,The father's coming home,fathers,coming,home,NA,1578.666667,bkbg0608_4ch.wav,0.785398163397448,1,0.835609152888296,0
RU221003,394,posttest,10,NaN,aslg1211,They worked in the rain,They,worked,rain,NA,NaN,,NaN,NaN,NaN,NaN
RU221003,395,posttest,10,1,bkbg0809,The pond water's dirty,pond,waters,dirty,NA,1557.333333,bkbg0809_8ch.wav,1.73922266369689,0,-2.92414447730947,0.95382450029944
RU221003,396,posttest,10,2,aslg0907,He tied his shoelaces,He,tied,shoelaces,NA,1482.666667,aslg0907_8ch.wav,0.785398163397448,1,1.18328086094678,0
RU221003,397,posttest,10,1,aslg1605,The hill was very steep,hill,very,steep,NA,1578.666667,aslg1605_8ch.wav,0.785398163397448,1,-0.670880090946423,0
RU221003,398,posttest,10,3,bkbg1612,The cat drank from a saucer,cat,drank,saucer,NA,1728,bkbg1612_4ch.wav,0.785398163397448,1,-1.3471816254574,0
RU221003,399,posttest,10,NaN,bkbg1606,They called an ambulance,They,called,ambulance,NA,NaN,,NaN,NaN,NaN,NaN
RU221003,400,posttest,10,2,bkbg2005,The teacloth's quite wet,teacloths,quite,wet,NA,1578.666667,bkbg2005_8ch.wav,0.785398163397448,1,-1.34640844353984,0
RU221003,401,posttest,10,1,bkbg1914,The girl held a mirror,girl,held,mirror,NA,1354.666667,bkbg1914_8ch.wav,-0.125197462467239,0,-1.53636641083039,-0.910595625864687
RU221003,402,posttest,10,NaN,aslg1111,The man forgot his change,man,forgot,change,NA,NaN,,NaN,NaN,NaN,NaN
RU221003,403,posttest,10,2,bkbg0413,The girl lost her doll,girl,lost,doll,NA,1418.666667,bkbg0413_8ch.wav,0.920297302827832,0,1.8836651708162,0.134899139430384
RU221003,404,posttest,10,NaN,bkbg0515,The naughty girl’s shouting,naughty,girls,shouting,NA,NaN,,NaN,NaN,NaN,NaN
RU221003,405,posttest,10,2,bkbg1516,The puppy plays with a ball,puppy,plays,ball,NA,1578.666667,bkbg1516_8ch.wav,0.493463472524752,0,2.6037641435123,-0.291934690872697
RU221003,406,posttest,10,3,bkbg0309,The milk came in a bottle,milk,came,bottle,NA,1653.333333,bkbg0309_4ch.wav,1.63191697994433,0,-2.71713612701192,0.846518816546882
RU221003,407,posttest,10,2,aslg1715,They helped with the dishes,They,helped,dishes,NA,1461.333333,aslg1715_8ch.wav,0.472853293653558,0,2.01704273707336,-0.31254486974389
RU221003,408,posttest,10,2,bkbg1704,They knocked on the window,They,knocked,window,NA,1397.333333,bkbg1704_8ch.wav,1.00447981316684,0,-0.369948076921326,0.219081649769393
RU221003,409,posttest,10,2,bkbg0710,They had two empty bottles,They,two,empty,bottles,1824,bkbg0710_8ch.wav,0.785398163397448,1,0.131932893105012,0
RU221003,410,posttest,10,NaN,aslg0915,The boy told a joke,boy,told,joke,NA,NaN,,NaN,NaN,NaN,NaN
RU221003,411,posttest,10,3,bkbg0513,The light went out,light,went,out,NA,1546.666667,bkbg0513_4ch.wav,1.66719480447289,0,-1.80517010946932,0.881796641075445
RU221003,412,posttest,10,3,bkbg0512,Somebody took the money,Somebody,took,money,NA,1429.333333,bkbg0512_4ch.wav,0.785398163397448,1,1.21760460071523,0
RU221003,413,posttest,10,1,bkbg1105,The driver waits by the corner,driver,waits,corner,NA,1621.333333,bkbg1105_8ch.wav,-0.225251958835557,0,-1.52089650946135,-1.01065012223301
RU221003,414,posttest,10,1,aslg1407,The dog heard a noise,dog,heard,noise,NA,1429.333333,aslg1407_8ch.wav,-0.147907988699117,0,-2.59826185042438,-0.933306152096565
RU221003,415,posttest,10,NaN,bkbg1907,A grocer sells butter,grocer,sells,butter,NA,NaN,,NaN,NaN,NaN,NaN
RU221003,416,posttest,10,3,aslg1014,The bus stopped at the shops,bus,stopped,shops,NA,1685.333333,aslg1014_4ch.wav,1.64958721302478,0,0.702069656850079,0.864189049627335
RU221003,417,posttest,10,NaN,bkbg0308,He needed his holiday,He,needed,holiday,NA,NaN,,NaN,NaN,NaN,NaN
RU221003,418,posttest,10,1,bkbg1009,The postman brings a letter,postman,brings,letter,NA,1482.666667,bkbg1009_8ch.wav,-0.222684602012633,0,0.520489235567262,-1.00808276541008
RU221003,419,posttest,10,4,bkbg0910,They went on holiday,They,went,holiday,NA,1269.333333,bkbg0910_4ch.wav,1.03071576287034,0,3.06518895593173,0.245317599472893
RU221003,420,posttest,10,NaN,aslg0509,The apple pie was hot,apple,pie,hot,NA,NaN,,NaN,NaN,NaN,NaN
RU221003,421,posttest,10,2,aslg1413,The jam sticks to the plate,jam,sticks,plate,NA,1600,aslg1413_8ch.wav,0.549252832524018,0,-2.18513626972713,-0.23614533087343
RU221003,422,posttest,10,4,aslg0914,The book sits on the shelf,book,sits,shelf,NA,1493.333333,aslg0914_4ch.wav,0.554382376648539,0,0.898675982433774,-0.23101578674891
RU221003,423,posttest,10,4,aslg1008,The bath taps are dripping,bath,taps,dripping,NA,1760,aslg1008_4ch.wav,1.05082701634707,0,-0.435155909857234,0.265428852949626
RU221003,424,posttest,10,NaN,bkbg1410,The big fish got away,big,fish,got,away,NaN,,NaN,NaN,NaN,NaN
RU221003,425,posttest,10,4,bkbg0201,The ladder's near the door,ladders,near,door,NA,1525.333333,bkbg0201_4ch.wav,0.785398163397448,1,-0.852688014614807,0
RU221003,426,posttest,10,NaN,bkbg0206,The thin dog was hungry,thin,dog,hungry,NA,NaN,,NaN,NaN,NaN,NaN
RU221003,427,posttest,10,3,aslg1402,The boy filled the buckets,boy,filled,buckets,NA,1781.333333,aslg1402_4ch.wav,0.785398163397448,1,-1.97635137410129,0
RU221003,428,posttest,10,1,bkbg2103,A girl came into the room,girl,came,room,NA,1696,bkbg2103_8ch.wav,-0.177611954945273,0,2.29728252111483,-0.963010118342721
RU221003,429,posttest,10,1,aslg1204,The other team are losing,other,team,losing,NA,1962.666667,aslg1204_8ch.wav,1.76787370019189,0,-0.651703423521884,0.982475536794446
RU221003,430,posttest,10,4,bkbg1903,The baby lay on a rug,baby,lay,rug,NA,1450.666667,bkbg1903_4ch.wav,1.0569880936732,0,0.99511311896772,0.271589930275756
RU221003,431,posttest,10,NaN,aslg1415,The garden's very neat,gardens,very,neat,NA,NaN,,NaN,NaN,NaN,NaN
RU221003,432,posttest,10,4,bkbg1005,They followed the path,They,followed,path,NA,1226.666667,bkbg1005_4ch.wav,0.615935135549325,0,-2.05712722199098,-0.169463027848123
RU221003,433,posttest,10,1,bkbg0911,Baby broke his mug,Baby,broke,mug,NA,1397.333333,bkbg0911_8ch.wav,0.785398163397448,1,-2.36638798853406,0
RU221003,434,posttest,10,2,aslg0906,The man shaved with a razor,man,shaved,razor,NA,1834.666667,aslg0906_8ch.wav,0.980263769101656,0,2.95669777631901,0.194865605704208
RU221003,435,posttest,10,4,bkbg1304,She argued with her sister,She,argued,sister,NA,1589.333333,bkbg1304_4ch.wav,0.537227127309697,0,2.0981408221347,-0.248171036087751
RU221003,436,posttest,10,3,aslg0715,The young mother's shopping,young,mothers,shopping,NA,1717.333333,aslg0715_4ch.wav,1.75640835590217,0,0.445033022138944,0.971010192504724
RU221003,437,posttest,10,3,bkbg0104,Children like strawberries,Children,like,strawberries,NA,1642.666667,bkbg0104_4ch.wav,-0.260998399026649,0,-3.09263220614516,-1.0463965624241
RU221003,438,posttest,10,2,bkbg1106,They finished the dinner,They,finished,dinner,NA,1098.666667,bkbg1106_8ch.wav,0.92191721967407,0,-1.10202470091275,0.136519056276622
RU221003,439,posttest,10,3,bkbg0514,They wanted some potatoes,They,wanted,potatoes,NA,1621.333333,bkbg0514_4ch.wav,0.785398163397448,1,0.349040155186495,0
RU221003,440,posttest,10,1,aslg1701,The man climbed the ladder,man,climbed,ladder,NA,1621.333333,aslg1701_8ch.wav,0.785398163397448,1,0.281311797146753,0
RU221003,441,posttest,10,3,bkbg0612,A sharp knife's dangerous,sharp,knifes,dangerous,NA,1834.666667,bkbg0612_4ch.wav,0.785398163397448,1,-1.78999938974942,0
RU221003,442,posttest,10,1,aslg0911,The yellow bananas are ripe,yellow,bananas,ripe,NA,1642.854167,aslg0911_8ch.wav,0.785398163397448,1,3.00779251243847,0
RU221003,443,posttest,10,2,bkbg1505,The driver starts the engine,driver,starts,engine,NA,1813.333333,bkbg1505_8ch.wav,0.785398163397448,1,0.807967730208353,0
RU221003,444,posttest,10,NaN,bkbg1803,The mother shut the window,mother,shut,window,NA,NaN,,NaN,NaN,NaN,NaN
RU221003,445,posttest,10,1,aslg1710,The father signed a letter,father,signed,letter,NA,1621.333333,aslg1710_8ch.wav,-0.149322225860937,0,1.7850747461799,-0.934720389258385
RU221003,446,posttest,10,1,bkbg0112,The boy did a handstand,boy,did,handstand,NA,1685.333333,bkbg0112_8ch.wav,0.785398163397448,1,2.61284171391068,0
RU221003,447,posttest,10,1,aslg0702,She tapped at the window,She,tapped,window,NA,1578.666667,aslg0702_8ch.wav,0.785398163397448,1,-1.58213815583888,0
RU221003,448,posttest,10,2,aslg1403,The lorry drove up the hill,lorry,drove,hill,NA,1461.333333,aslg1403_8ch.wav,0.653733726374339,0,-2.58739902880578,-0.131664437023109
RU221003,449,posttest,10,NaN,bkbg1003,She looked in her mirror,She,looked,in,mirror,NaN,,NaN,NaN,NaN,NaN
RU221003,450,posttest,10,3,aslg1713,The boy grazed his knee,boy,grazed,knee,NA,1482.666667,aslg1713_4ch.wav,-0.0693898824609006,0,-0.770596963383581,-0.854788045858349
RU221003,451,posttest,10,4,aslg0807,They won the game,They,won,game,NA,1344,aslg0807_4ch.wav,0.785398163397448,1,-1.76499909932934,0
RU221003,452,posttest,10,2,aslg0314,The man climbed the mountain,man,climbed,mountain,NA,1598.416667,aslg0314_8ch.wav,0.785398163397448,1,-1.94200609037644,0
RU221003,453,posttest,10,1,aslg1408,The rose bush was blooming,rose,bush,blooming,NA,1525.333333,aslg1408_8ch.wav,0.785398163397448,1,-1.29908670372315,0
RU221003,454,posttest,10,3,bkbg1307,He’s cleaning his car,Hes,cleaning,car,NA,1269.333333,bkbg1307_4ch.wav,0.785398163397448,1,-1.52883643779632,0
RU221003,455,posttest,10,4,bkbg1114,Mother picked some flowers,Mother,picked,flowers,NA,1493.333333,bkbg1114_4ch.wav,0.785398163397448,1,0.526870484407815,0
RU221003,456,posttest,10,NaN,bkbg1201,The food cost a lot,food,cost,lot,NA,NaN,,NaN,NaN,NaN,NaN
RU221003,457,posttest,10,4,aslg1308,He turned on the taps,He,turned,taps,NA,1312,aslg1308_4ch.wav,1.07948314596757,0,0.345307360885585,0.294084982570118
RU221003,458,posttest,10,4,aslg0403,She read her book,She,read,book,NA,1184,aslg0403_4ch.wav,0.785398163397448,1,2.43601976627435,0
RU221003,459,posttest,10,NaN,bkbg0202,They had a lovely day,They,lovely,day,NA,NaN,,NaN,NaN,NaN,NaN
RU221003,460,posttest,10,2,bkbg1916,The cows went to market,cows,went,market,NA,1674.666667,bkbg1916_8ch.wav,0.785398163397448,1,1.34579765128687,0
